Date,Price
2010-11-02,12.14
2010-11-03,12.14
2010-11-04,12.14
2010-11-05,12.13
2010-11-06,12.13
2010-11-07,12.12
2010-11-08,10.33
2010-11-09,10.33
2010-11-10,10.43
2010-11-11,10.53
2010-11-12,10.53
2010-11-13,10.53
2010-11-14,10.58
2010-11-15,10.58
2010-11-16,10.58
2010-11-17,10.58
2010-11-18,10.31
2010-11-19,10.31
2010-11-20,10.31
2010-11-21,10.31
2010-11-22,10.31
2010-11-23,10.31
2010-11-24,10.31
2010-11-25,10.31
2010-11-26,10.31
2010-11-27,10.31
2010-11-28,10.31
2010-11-29,10.31
2010-11-30,10.31
2010-12-01,10.31
2010-12-02,8.92
2010-12-03,8.94
2010-12-04,9.17
2010-12-05,9.17
2010-12-06,9.18
2010-12-07,9.2
2010-12-08,9.03
2010-12-09,9.0
2010-12-10,8.99
2010-12-11,8.96
2010-12-12,8.94
2010-12-13,8.84
2010-12-14,8.79
2010-12-15,8.7
2010-12-16,8.67
2010-12-17,8.66
2010-12-18,8.67
2010-12-19,8.71
2010-12-20,8.69
2010-12-21,8.64
2010-12-22,8.76
2010-12-23,8.56
2010-12-24,8.56
2010-12-25,8.62
2010-12-26,8.58
2010-12-27,8.57
2010-12-28,8.6
2010-12-29,8.63
2010-12-30,8.66
2010-12-31,8.66
2011-01-01,8.66
2011-01-02,8.64
2011-01-03,8.69
2011-01-04,8.75
2011-01-05,8.72
2011-01-06,8.75
2011-01-07,8.75
2011-01-08,8.76
2011-01-09,8.72
2011-01-10,8.71
2011-01-11,8.75
2011-01-12,8.79
2011-01-13,8.68
2011-01-14,8.72
2011-01-15,8.72
2011-01-16,8.69
2011-01-17,8.73
2011-01-18,8.75
2011-01-19,8.8
2011-01-20,8.91
2011-01-21,8.89
2011-01-22,8.99
2011-01-23,8.95
2011-01-24,8.85
2011-01-25,8.86
2011-01-26,8.98
2011-01-27,9.18
2011-01-28,9.4
2011-01-29,9.79
2011-01-30,9.91
2011-01-31,9.52
2011-02-01,9.54
2011-02-02,9.97
2011-02-03,9.93
2011-02-04,9.91
2011-02-05,9.87
2011-02-06,10.3
2011-02-07,10.04
2011-02-08,10.53
2011-02-09,12.46
2011-02-10,13.15
2011-02-11,16.08
2011-02-12,16.38
2011-02-13,17.56
2011-02-14,21.26
2011-02-15,21.1
2011-02-16,20.96
2011-02-17,20.8
2011-02-18,20.64
2011-02-19,19.71
2011-02-20,20.1
2011-02-21,20.54
2011-02-22,19.76
2011-02-23,20.51
2011-02-24,20.28
2011-02-25,20.48
2011-02-26,20.38
2011-02-27,20.48
2011-02-28,20.44
2011-03-01,20.47
2011-03-02,20.38
2011-03-03,20.45
2011-03-04,20.29
2011-03-05,20.21
2011-03-06,20.21
2011-03-07,20.3
2011-03-08,20.6
2011-03-09,20.6
2011-03-10,20.41
2011-03-11,20.45
2011-03-12,20.65
2011-03-13,20.66
2011-03-14,20.77
2011-03-15,21.12
2011-03-16,21.4
2011-03-17,21.26
2011-03-18,21.34
2011-03-19,21.34
2011-03-20,21.46
2011-03-21,21.68
2011-03-22,21.74
2011-03-23,21.95
2011-03-24,22.01
2011-03-25,22.51
2011-03-26,22.61
2011-03-27,23.07
2011-03-28,23.14
2011-03-29,23.58
2011-03-30,23.79
2011-03-31,24.06
2011-04-01,23.92
2011-04-02,24.27
2011-04-03,24.56
2011-04-04,24.05
2011-04-05,23.92
2011-04-06,24.1
2011-04-07,24.04
2011-04-08,24.15
2011-04-09,23.93
2011-04-10,24.27
2011-04-11,24.24
2011-04-12,24.25
2011-04-13,24.03
2011-04-14,24.06
2011-04-15,24.15
2011-04-16,23.98
2011-04-17,24.03
2011-04-18,24.06
2011-04-19,24.12
2011-04-20,23.97
2011-04-21,24.11
2011-04-22,23.99
2011-04-23,24.12
2011-04-24,24.13
2011-04-25,24.12
2011-04-29,23.57
2011-04-30,23.28
2011-05-01,23.23
2011-05-02,23.67
2011-05-03,23.82
2011-05-04,23.9
2011-05-05,23.82
2011-05-06,23.3
2011-05-07,23.35
2011-05-08,23.63
2011-05-09,23.34
2011-05-10,23.47
2011-05-11,23.47
2011-05-12,23.66
2011-05-13,23.54
2011-05-14,23.45
2011-05-15,23.68
2011-05-16,23.57
2011-05-17,23.72
2011-05-18,23.54
2011-05-19,21.87
2011-05-20,20.95
2011-05-21,21.1
2011-05-22,21.01
2011-05-23,20.44
2011-05-24,20.54
2011-05-25,20.14
2011-05-26,19.76
2011-05-27,20.36
2011-05-28,20.32
2011-05-29,20.87
2011-05-30,21.01
2011-05-31,20.84
2011-06-01,20.6
2011-06-02,20.6
2011-06-03,20.62
2011-06-04,20.29
2011-06-05,20.44
2011-06-06,20.6
2011-06-07,20.73
2011-06-08,20.18
2011-06-09,19.98
2011-06-10,19.43
2011-06-11,19.03
2011-06-12,19.22
2011-06-13,19.11
2011-06-14,18.54
2011-06-15,18.12
2011-06-16,17.99
2011-06-17,17.75
2011-06-18,17.8
2011-06-19,17.62
2011-06-20,13.6
2011-06-21,12.02
2011-06-22,11.78
2011-06-23,11.78
2011-06-24,11.4
2011-06-25,11.17
2011-06-26,11.14
2011-06-27,11.29
2011-06-28,10.95
2011-06-29,10.81
2011-06-30,10.41
2011-07-01,10.14
2011-07-02,10.08
2011-07-03,10.05
2011-07-04,10.18
2011-07-05,10.27
2011-07-06,10.51
2011-07-07,10.51
2011-07-08,10.43
2011-07-09,9.93
2011-07-10,9.91
2011-07-11,9.94
2011-07-12,10.05
2011-07-13,9.98
2011-07-14,9.92
2011-07-15,9.92
2011-07-16,9.96
2011-07-17,9.87
2011-07-18,9.73
2011-07-19,9.75
2011-07-20,9.63
2011-07-21,9.56
2011-07-22,9.44
2011-07-23,9.85
2011-07-24,10.12
2011-07-25,10.05
2011-07-26,10.02
2011-07-27,10.09
2011-07-28,10.15
2011-07-29,10.29
2011-07-30,10.23
2011-07-31,10.23
2011-08-01,10.38
2011-08-02,10.24
2011-08-03,10.22
2011-08-04,10.31
2011-08-05,10.36
2011-08-06,10.39
2011-08-07,10.45
2011-08-08,10.45
2011-08-09,10.51
2011-08-10,10.52
2011-08-11,10.46
2011-08-12,9.97
2011-08-13,10.02
2011-08-14,9.99
2011-08-15,9.7
2011-08-16,9.7
2011-08-17,9.57
2011-08-18,9.49
2011-08-19,9.56
2011-08-20,9.63
2011-08-21,9.64
2011-08-22,9.64
2011-08-23,9.51
2011-08-24,9.32
2011-08-25,9.43
2011-08-26,9.51
2011-08-27,9.27
2011-08-28,9.4
2011-08-29,9.4
2011-08-30,9.39
2011-08-31,9.37
2011-09-01,9.41
2011-09-02,9.38
2011-09-03,9.43
2011-09-04,9.49
2011-09-05,9.38
2011-09-06,9.35
2011-09-07,9.05
2011-09-08,9.13
2011-09-09,9.33
2011-09-10,9.14
2011-09-11,9.13
2011-09-12,9.01
2011-09-13,9.01
2011-09-14,9.08
2011-09-15,9.07
2011-09-16,9.1
2011-09-17,9.27
2011-09-18,9.29
2011-09-19,9.25
2011-09-20,9.43
2011-09-21,9.49
2011-09-22,9.42
2011-09-23,9.49
2011-09-24,9.38
2011-09-25,9.36
2011-09-26,9.33
2011-09-27,9.1
2011-09-28,9.05
2011-09-29,9.17
2011-09-30,9.09
2011-10-01,9.07
2011-10-02,9.16
2011-10-03,9.29
2011-10-04,9.33
2011-10-05,9.2
2011-10-06,9.1
2011-10-07,9.08
2011-10-09,9.01
2011-10-10,8.68
2011-10-11,8.67
2011-10-12,8.75
2011-10-13,8.76
2011-10-14,8.81
2011-10-15,8.82
2011-10-16,8.81
2011-10-17,8.76
2011-10-18,8.75
2011-10-19,8.63
2011-10-20,8.42
2011-10-21,8.6
2011-10-22,8.65
2011-10-23,8.63
2011-10-24,8.59
2011-10-25,8.59
2011-10-26,8.6
2011-10-27,8.52
2011-10-28,8.59
2011-10-29,8.6
2011-10-30,8.6
2011-10-31,8.49
2011-11-01,8.47
2011-11-02,8.45
2011-11-03,8.45
2011-11-04,8.25
2011-11-05,8.29
2011-11-06,8.33
2011-11-07,8.29
2011-11-08,8.24
2011-11-09,8.2
2011-11-10,7.97
2011-11-11,7.95
2011-11-12,8.0
2011-11-13,7.97
2011-11-14,7.93
2011-11-15,7.9
2011-11-16,7.85
2011-11-17,7.84
2011-11-18,7.85
2011-11-19,7.88
2011-11-20,7.88
2011-11-21,7.73
2011-11-22,7.48
2011-11-23,7.52
2011-11-24,7.5
2011-11-25,7.68
2011-11-26,7.63
2011-11-27,7.61
2011-11-28,7.32
2011-11-29,7.29
2011-11-30,7.29
2011-12-01,7.25
2011-12-02,7.23
2011-12-03,7.13
2011-12-04,7.12
2011-12-05,7.13
2011-12-06,6.99
2011-12-07,7.04
2011-12-08,7.04
2011-12-09,6.91
2011-12-10,6.91
2011-12-11,6.88
2011-12-12,6.85
2011-12-13,6.92
2011-12-14,6.87
2011-12-15,7.0
2011-12-16,6.94
2011-12-17,6.99
2011-12-18,7.02
2011-12-19,7.0
2011-12-20,7.1
2011-12-21,7.08
2011-12-22,6.96
2011-12-23,6.82
2011-12-24,6.78
2011-12-25,6.81
2011-12-26,6.8
2011-12-27,6.76
2011-12-28,6.74
2011-12-29,6.67
2011-12-30,6.67
2011-12-31,6.67
2012-01-01,6.64
2012-01-02,5.96
2012-01-03,5.86
2012-01-04,5.84
2012-01-05,5.87
2012-01-06,6.02
2012-01-07,6.02
2012-01-08,6.05
2012-01-09,6.18
2012-01-10,6.15
2012-01-11,6.14
2012-01-12,6.25
2012-01-13,6.25
2012-01-14,6.25
2012-01-15,6.25
2012-01-16,6.28
2012-01-17,6.41
2012-01-18,6.39
2012-01-19,6.38
2012-01-20,6.41
2012-01-21,6.55
2012-01-22,6.56
2012-01-23,6.57
2012-01-24,6.65
2012-01-25,6.72
2012-01-26,6.72
2012-01-27,6.71
2012-01-28,6.75
2012-01-29,6.85
2012-01-30,6.93
2012-01-31,7.01
2012-02-01,7.04
2012-02-02,7.09
2012-02-03,7.06
2012-02-04,7.14
2012-02-05,7.19
2012-02-06,7.23
2012-02-07,7.39
2012-02-08,7.19
2012-02-09,7.19
2012-02-10,7.28
2012-02-11,7.34
2012-02-12,7.35
2012-02-13,7.31
2012-02-14,7.3
2012-02-15,7.35
2012-02-16,7.33
2012-02-17,7.21
2012-02-18,7.21
2012-02-19,7.25
2012-02-20,7.18
2012-02-21,7.16
2012-02-22,7.16
2012-02-23,7.02
2012-02-24,7.14
2012-02-25,7.1
2012-02-26,7.09
2012-02-27,7.11
2012-02-28,7.07
2012-02-29,7.06
2012-03-01,7.04
2012-03-02,7.13
2012-03-03,7.17
2012-03-04,7.12
2012-03-05,7.19
2012-03-06,7.3
2012-03-07,7.33
2012-03-08,7.35
2012-03-09,7.32
2012-03-10,7.34
2012-03-11,7.3
2012-03-12,7.35
2012-03-13,7.3
2012-03-14,7.4
2012-03-15,7.36
2012-03-16,7.36
2012-03-17,7.41
2012-03-18,7.42
2012-03-19,7.41
2012-03-20,7.54
2012-03-21,7.57
2012-03-22,7.44
2012-03-23,7.48
2012-03-24,7.44
2012-03-25,7.53
2012-03-26,7.59
2012-03-27,7.53
2012-03-28,7.52
2012-03-29,7.56
2012-03-30,7.55
2012-03-31,7.57
2012-04-01,7.56
2012-04-02,7.55
2012-04-03,7.53
2012-04-04,7.45
2012-04-05,7.43
2012-04-06,7.5
2012-04-07,7.54
2012-04-08,7.51
2012-04-09,7.49
2012-04-10,7.51
2012-04-11,7.53
2012-04-12,7.58
2012-04-13,7.66
2012-04-14,7.71
2012-04-15,7.68
2012-04-16,7.68
2012-04-17,7.66
2012-04-18,7.65
2012-04-19,7.66
2012-04-20,7.58
2012-04-21,7.54
2012-04-22,7.6
2012-04-23,7.62
2012-04-24,7.63
2012-04-25,7.56
2012-04-26,7.55
2012-04-27,7.59
2012-04-28,7.6
2012-04-29,7.58
2012-04-30,7.59
2012-05-01,7.59
2012-05-02,7.57
2012-05-03,7.57
2012-05-04,7.5
2012-05-05,7.54
2012-05-06,7.58
2012-05-07,7.6
2012-05-08,7.6
2012-05-09,7.56
2012-05-10,7.57
2012-05-11,7.53
2012-05-12,7.48
2012-05-13,7.49
2012-05-14,7.45
2012-05-15,7.46
2012-05-16,7.51
2012-05-17,7.62
2012-05-18,7.64
2012-05-19,7.64
2012-05-20,7.62
2012-05-21,7.6
2012-05-22,7.61
2012-05-23,7.6
2012-05-24,7.59
2012-05-25,7.57
2012-05-26,7.53
2012-05-27,7.5
2012-05-28,7.47
2012-05-29,7.46
2012-05-30,7.48
2012-05-31,7.46
2012-06-01,7.47
2012-06-02,7.45
2012-06-03,7.47
2012-06-04,7.48
2012-06-05,7.42
2012-06-06,7.41
2012-06-07,7.38
2012-06-08,7.36
2012-06-09,7.37
2012-06-10,7.47
2012-06-11,7.37
2012-06-12,7.35
2012-06-13,7.35
2012-06-14,7.32
2012-06-15,7.35
2012-06-16,7.34
2012-06-17,7.36
2012-06-18,7.37
2012-06-19,7.4
2012-06-20,7.39
2012-06-21,7.36
2012-06-22,7.37
2012-06-23,7.42
2012-06-24,7.42
2012-06-25,7.39
2012-06-26,7.36
2012-06-27,7.35
2012-06-28,7.34
2012-06-29,7.33
2012-06-30,7.37
2012-07-01,7.4
2012-07-02,7.38
2012-07-03,7.35
2012-07-04,7.34
2012-07-05,7.38
2012-07-06,7.38
2012-07-07,7.39
2012-07-08,7.41
2012-07-09,7.41
2012-07-10,7.36
2012-07-11,7.36
2012-07-12,7.37
2012-07-13,7.36
2012-07-14,7.34
2012-07-15,7.34
2012-07-16,7.35
2012-07-17,7.35
2012-07-18,7.38
2012-07-19,7.37
2012-07-20,7.42
2012-07-21,7.41
2012-07-22,7.43
2012-07-23,7.41
2012-07-24,7.41
2012-07-25,7.44
2012-07-26,8.67
2012-07-27,7.38
2012-07-28,7.35
2012-07-29,7.35
2012-07-30,7.37
2012-07-31,7.36
2012-08-01,7.38
2012-08-02,7.41
2012-08-03,7.41
2012-08-04,7.43
2012-08-05,7.44
2012-08-06,7.46
2012-08-07,7.47
2012-08-08,7.45
2012-08-09,7.45
2012-08-10,7.43
2012-08-11,7.42
2012-08-12,7.38
2012-08-13,7.41
2012-08-14,7.46
2012-08-15,7.51
2012-08-16,7.52
2012-08-17,7.49
2012-08-18,7.48
2012-08-19,7.47
2012-08-20,7.44
2012-08-21,7.44
2012-08-22,7.41
2012-08-23,7.43
2012-08-24,7.43
2012-08-25,7.4
2012-08-26,7.42
2012-08-27,7.37
2012-08-28,7.38
2012-08-29,7.38
2012-08-30,7.38
2012-08-31,7.38
2012-09-01,7.38
2012-09-02,7.38
2012-09-03,7.38
2012-09-04,7.51
2012-09-05,7.51
2012-09-06,7.57
2012-09-07,7.56
2012-09-08,7.52
2012-09-09,7.56
2012-09-10,7.58
2012-09-11,7.57
2012-09-12,7.62
2012-09-13,7.55
2012-09-14,7.62
2012-09-15,7.62
2012-09-16,7.59
2012-09-17,7.58
2012-09-18,7.62
2012-09-19,7.61
2012-09-20,7.61
2012-09-21,7.63
2012-09-22,7.67
2012-09-23,7.66
2012-09-24,7.7
2012-09-25,7.76
2012-09-26,7.8
2012-09-27,7.91
2012-09-28,7.99
2012-09-29,7.99
2012-09-30,7.98
2012-10-01,7.96
2012-10-02,8.04
2012-10-03,8.07
2012-10-04,8.11
2012-10-05,8.16
2012-10-06,8.14
2012-10-07,8.26
2012-10-08,8.27
2012-10-09,8.29
2012-10-10,8.28
2012-10-11,8.35
2012-10-12,8.35
2012-10-13,8.4
2012-10-14,8.41
2012-10-15,8.41
2012-10-16,8.42
2012-10-17,8.48
2012-10-18,8.49
2012-10-19,8.5
2012-10-20,8.5
2012-10-21,8.5
2012-10-22,8.5
2012-10-23,8.49
2012-10-24,8.47
2012-10-25,8.52
2012-10-26,8.53
2012-10-27,8.56
2012-10-28,8.54
2012-10-29,8.56
2012-10-30,8.6
2012-10-31,8.59
2012-11-01,8.72
2012-11-02,8.71
2012-11-03,8.73
2012-11-04,8.77
2012-11-05,8.83
2012-11-06,8.86
2012-11-07,8.8
2012-11-08,8.82
2012-11-09,8.79
2012-11-10,8.81
2012-11-11,8.89
2012-11-12,8.87
2012-11-13,8.97
2012-11-14,8.99
2012-11-15,9.0
2012-11-16,9.02
2012-11-17,8.99
2012-11-18,9.05
2012-11-19,9.08
2012-11-20,9.03
2012-11-21,8.98
2012-11-22,8.98
2012-11-23,8.97
2012-11-24,8.97
2012-11-25,9.06
2012-11-26,8.99
2012-11-27,9.0
2012-11-28,8.94
2012-11-29,8.92
2012-11-30,8.93
2012-12-01,8.89
2012-12-02,8.95
2012-12-03,8.92
2012-12-04,8.91
2012-12-05,9.0
2012-12-06,9.02
2012-12-07,9.04
2012-12-08,9.05
2012-12-09,9.08
2012-12-10,9.08
2012-12-11,9.08
2012-12-12,9.09
2012-12-13,9.1
2012-12-14,9.12
2012-12-15,9.12
2012-12-16,9.13
2012-12-17,9.14
2012-12-18,9.17
2012-12-19,9.16
2012-12-20,9.15
2012-12-21,9.13
2012-12-22,9.13
2012-12-23,9.13
2012-12-24,9.13
2012-12-25,9.15
2012-12-26,9.19
2012-12-27,9.18
2012-12-28,9.18
2012-12-29,9.17
2012-12-30,9.19
2012-12-31,9.2
2013-01-01,9.18
2013-01-02,9.21
2013-01-03,9.2
2013-01-04,9.18
2013-01-05,9.23
2013-01-06,9.21
2013-01-07,9.14
2013-01-08,9.2
2013-01-09,9.25
2013-01-10,9.28
2013-01-11,9.26
2013-01-12,9.23
2013-01-13,9.21
2013-01-14,9.17
2013-01-15,9.24
2013-01-16,9.26
2013-01-17,9.26
2013-01-18,9.33
2013-01-19,9.28
2013-01-20,9.38
2013-01-21,9.38
2013-01-22,9.3
2013-01-23,9.36
2013-01-24,9.39
2013-01-25,9.36
2013-01-26,9.36
2013-01-27,9.37
2013-01-28,9.36
2013-01-29,9.35
2013-01-30,9.34
2013-01-31,9.31
2013-02-01,9.29
2013-02-02,9.26
2013-02-03,9.29
2013-02-04,9.33
2013-02-05,9.33
2013-02-06,9.36
2013-02-07,9.33
2013-02-08,9.34
2013-02-09,9.38
2013-02-10,9.41
2013-02-11,9.41
2013-02-12,9.42
2013-02-13,9.35
2013-02-14,9.35
2013-02-15,9.41
2013-02-16,9.43
2013-02-17,9.42
2013-02-18,9.38
2013-02-19,9.39
2013-02-20,9.38
2013-02-21,9.41
2013-02-22,9.37
2013-02-23,9.35
2013-02-24,9.36
2013-02-25,9.36
2013-02-26,9.38
2013-02-27,9.41
2013-02-28,9.41
2013-03-01,9.41
2013-03-02,9.41
2013-03-03,9.41
2013-03-04,9.44
2013-03-05,9.43
2013-03-06,9.5
2013-03-07,9.4
2013-03-08,9.49
2013-03-09,9.49
2013-03-10,9.49
2013-03-11,9.49
2013-03-12,9.45
2013-03-13,9.48
2013-03-14,9.49
2013-03-15,9.49
2013-03-16,9.48
2013-03-17,9.49
2013-03-18,9.49
2013-03-19,9.49
2013-03-20,9.49
2013-03-21,9.48
2013-03-22,9.47
2013-03-23,9.47
2013-03-24,9.47
2013-03-25,9.47
2013-03-26,9.47
2013-03-27,9.45
2013-03-28,9.45
2013-03-29,9.45
2013-03-30,9.44
2013-03-31,9.44
2013-04-01,9.44
2013-04-02,9.45
2013-04-03,9.45
2013-04-04,9.37
2013-04-05,9.4
2013-04-06,9.4
2013-04-07,9.4
2013-04-08,9.36
2013-04-09,9.35
2013-04-10,9.36
2013-04-11,9.36
2013-04-12,9.26
2013-04-13,9.35
2013-04-14,9.37
2013-04-15,9.36
2013-04-16,9.35
2013-04-17,9.26
2013-04-18,9.26
2013-04-19,9.26
2013-04-20,9.26
2013-04-21,9.3
2013-04-22,9.25
2013-04-23,9.25
2013-04-24,9.26
2013-04-25,9.25
2013-04-26,9.26
2013-04-27,9.26
2013-04-28,9.26
2013-04-29,9.25
2013-04-30,9.28
2013-05-01,9.28
2013-05-02,9.28
2013-05-03,9.33
2013-05-04,9.33
2013-05-05,9.35
2013-05-06,9.3
2013-05-07,9.35
2013-05-08,9.35
2013-05-09,9.33
2013-05-10,9.28
2013-05-11,9.28
2013-05-12,9.19
2013-05-13,9.18
2013-05-14,9.11
2013-05-15,9.0
2013-05-16,9.0
2013-05-17,9.0
2013-05-18,9.0
2013-05-19,9.02
2013-05-20,9.03
2013-05-21,9.03
2013-05-22,9.03
2013-05-23,9.01
2013-05-24,9.0
2013-05-25,9.0
2013-05-26,9.0
2013-05-27,9.0
2013-05-28,8.99
2013-05-29,9.0
2013-05-30,8.99
2013-05-31,8.99
2013-06-01,8.99
2013-06-02,9.0
2013-06-03,8.99
2013-06-04,8.99
2013-06-05,9.0
2013-06-06,9.0
2013-06-07,9.0
2013-06-08,9.0
2013-06-09,8.99
2013-06-10,8.99
2013-06-11,8.99
2013-06-12,8.99
2013-06-13,8.99
2013-06-14,8.99
2013-06-15,8.99
2013-06-16,8.99
2013-06-17,8.99
2013-06-18,8.99
2013-06-19,8.99
2013-06-21,9.1
2013-06-22,9.07
2013-06-23,9.07
2013-06-24,9.1
2013-06-25,9.1
2013-06-26,9.09
2013-06-27,9.13
2013-06-28,9.16
2013-06-29,9.2
2013-06-30,9.16
2013-07-01,9.24
2013-07-02,9.28
2013-07-03,9.25
2013-07-04,9.29
2013-07-05,9.27
2013-07-06,9.32
2013-07-07,9.3
2013-07-08,9.36
2013-07-09,9.4
2013-07-10,9.46
2013-07-11,9.47
2013-07-12,9.5
2013-07-13,9.51
2013-07-14,9.53
2013-07-15,9.51
2013-07-16,9.51
2013-07-17,9.46
2013-07-18,9.47
2013-07-19,9.42
2013-07-20,9.45
2013-07-21,9.43
2013-07-22,9.41
2013-07-23,9.4
2013-07-24,9.39
2013-07-25,9.32
2013-07-26,9.36
2013-07-27,9.39
2013-07-28,9.38
2013-07-29,9.39
2013-07-30,9.39
2013-07-31,9.43
2013-08-01,9.43
2013-08-02,9.46
2013-08-03,9.5
2013-08-04,9.49
2013-08-05,9.5
2013-08-06,9.5
2013-08-07,9.46
2013-08-08,9.49
2013-08-09,9.52
2013-08-10,9.56
2013-08-11,9.57
2013-08-12,9.57
2013-08-13,9.56
2013-08-14,9.59
2013-08-15,9.57
2013-08-16,9.58
2013-08-17,9.61
2013-08-18,9.62
2013-08-19,9.63
2013-08-20,9.62
2013-08-21,9.6
2013-08-22,9.52
2013-08-23,9.59
2013-08-24,9.58
2013-08-25,9.56
2013-08-26,9.63
2013-08-27,9.58
2013-08-28,9.57
2013-08-29,9.57
2013-08-30,9.62
2013-08-31,9.64
2013-09-01,9.59
2013-09-02,9.56
2013-09-03,9.53
2013-09-05,9.51
2013-09-06,9.53
2013-09-07,9.6
2013-09-08,9.51
2013-09-09,9.56
2013-09-10,9.62
2013-09-11,9.69
2013-09-12,9.67
2013-09-13,9.78
2013-09-14,9.79
2013-09-15,9.8
2013-09-16,9.78
2013-09-17,9.77
2013-09-18,9.76
2013-09-19,9.74
2013-09-20,9.82
2013-09-21,9.84
2013-09-22,9.81
2013-09-23,9.81
2013-09-24,9.79
2013-09-25,9.78
2013-09-26,9.77
2013-09-27,9.74
2013-09-28,9.83
2013-09-29,9.83
2013-09-30,9.82
2013-10-01,9.85
2013-10-02,9.87
2013-10-03,9.89
2013-10-04,9.87
2013-10-05,9.9
2013-10-06,9.91
2013-10-07,9.86
2013-10-08,9.92
2013-10-09,9.94
2013-10-10,10.01
2013-10-11,9.95
2013-10-12,10.03
2013-10-13,10.06
2013-10-14,10.07
2013-10-15,10.01
2013-10-16,10.1
2013-10-17,10.13
2013-10-18,10.12
2013-10-19,10.1
2013-10-20,10.12
2013-10-21,10.11
2013-10-22,10.13
2013-10-23,10.11
2013-10-24,10.12
2013-10-25,10.09
2013-10-26,10.08
2013-10-27,10.08
2013-10-28,10.11
2013-10-29,10.11
2013-10-30,10.12
2013-10-31,10.1
2013-11-01,10.19
2013-11-02,10.18
2013-11-03,10.19
2013-11-04,10.25
2013-11-05,10.34
2013-11-06,10.36
2013-11-07,10.37
2013-11-08,10.38
2013-11-09,10.46
2013-11-10,10.52
2013-11-11,10.43
2013-11-12,10.52
2013-11-13,10.57
2013-11-14,10.56
2013-11-15,10.49
2013-11-16,10.55
2013-11-17,10.57
2013-11-18,10.59
2013-11-19,10.74
2013-11-20,10.79
2013-11-21,10.83
2013-11-22,10.88
2013-11-23,11.05
2013-11-24,11.08
2013-11-25,11.07
2013-11-26,11.04
2013-11-27,11.07
2013-11-28,11.15
2013-11-29,11.23
2013-11-30,11.15
2013-12-01,11.35
2013-12-02,11.45
2013-12-03,11.43
2013-12-04,11.33
2013-12-05,11.63
2013-12-06,11.88
2013-12-07,11.8
2013-12-08,12.34
2013-12-09,12.45
2013-12-10,12.41
2013-12-11,12.22
2013-12-12,12.44
2013-12-13,12.53
2013-12-14,12.42
2013-12-16,12.89
2013-12-17,13.13
2013-12-18,13.05
2013-12-19,13.43
2013-12-20,13.86
2013-12-21,13.94
2013-12-22,13.96
2013-12-23,13.97
2013-12-24,14.07
2013-12-25,14.09
2013-12-26,14.33
2013-12-27,14.66
2013-12-28,14.76
2013-12-29,14.91
2013-12-30,15.06
2013-12-31,15.73
2014-01-01,16.47
2014-01-02,21.49
2014-01-03,23.12
2014-01-04,26.32
2014-01-05,30.3
2014-01-06,29.97
2014-01-07,29.45
2014-01-08,29.41
2014-01-09,29.46
2014-01-10,28.92
2014-01-11,28.58
2014-01-12,28.23
2014-01-13,28.49
2014-01-14,28.46
2014-01-15,28.53
2014-01-16,28.75
2014-01-17,28.89
2014-01-18,28.15
2014-01-19,28.44
2014-01-20,28.21
2014-01-21,28.33
2014-01-22,28.37
2014-01-23,28.52
2014-01-24,28.47
2014-01-25,28.59
2014-01-26,28.63
2014-01-27,29.19
2014-01-28,29.61
2014-01-29,29.88
2014-01-30,29.81
2014-01-31,29.73
2014-02-01,29.97
2014-02-02,29.5
2014-02-03,29.9
2014-02-04,30.84
2014-02-05,29.7
2014-02-06,29.5
2014-02-07,29.7
2014-02-08,29.54
2014-02-09,28.99
2014-02-10,28.9
2014-02-11,28.67
2014-02-12,28.95
2014-02-13,28.97
2014-02-14,28.99
2014-02-15,28.98
2014-02-16,29.31
2014-02-17,28.97
2014-02-18,28.9
2014-02-19,28.98
2014-02-20,28.49
2014-02-21,28.49
2014-02-22,28.42
2014-02-23,28.44
2014-02-24,28.44
2014-02-25,28.42
2014-02-26,28.49
2014-02-27,28.49
2014-02-28,28.45
2014-03-01,28.48
2014-03-02,28.49
2014-03-03,28.49
2014-03-04,28.49
2014-03-05,28.45
2014-03-06,28.45
2014-03-07,28.49
2014-03-08,28.49
2014-03-09,28.45
2014-03-10,28.2
2014-03-11,27.99
2014-03-12,27.99
2014-03-13,27.99
2014-03-14,27.96
2014-03-15,27.96
2014-03-16,27.5
2014-03-17,27.4
2014-03-18,27.47
2014-03-19,27.47
2014-03-20,27.4
2014-03-21,27.07
2014-03-22,27.47
2014-03-23,27.47
2014-03-24,27.67
2014-03-25,27.9
2014-03-26,27.95
2014-03-27,27.95
2014-03-28,27.95
2014-03-29,27.99
2014-03-30,27.99
2014-03-31,27.99
2014-04-01,27.95
2014-04-02,27.8
2014-04-03,27.5
2014-04-04,27.5
2014-04-05,27.77
2014-04-06,27.66
2014-04-07,27.54
2014-04-08,27.52
2014-04-09,27.79
2014-04-10,27.72
2014-04-11,27.5
2014-04-12,27.22
2014-04-13,27.07
2014-04-14,27.0
2014-04-15,26.76
2014-04-16,26.6
2014-04-17,26.6
2014-04-18,26.59
2014-04-19,26.6
2014-04-20,26.57
2014-04-21,26.56
2014-04-22,26.5
2014-04-23,26.32
2014-04-24,26.15
2014-04-25,26.29
2014-04-26,26.32
2014-04-27,26.31
2014-04-28,26.19
2014-04-29,25.99
2014-04-30,25.99
2014-05-01,25.98
2014-05-02,25.98
2014-05-03,25.65
2014-05-04,25.73
2014-05-05,25.83
2014-05-06,25.99
2014-05-07,25.98
2014-05-08,25.91
2014-05-09,25.82
2014-05-11,25.98
2014-05-12,25.8
2014-05-13,25.63
2014-05-14,25.64
2014-05-15,25.55
2014-05-16,25.4
2014-05-17,25.0
2014-05-18,25.0
2014-05-20,25.0
2014-05-21,24.99
2014-05-22,24.99
2014-05-23,24.99
2014-05-24,24.99
2014-05-25,24.99
2014-05-26,25.0
2014-05-27,24.99
2014-05-28,24.99
2014-05-29,24.99
2014-05-30,24.97
2014-05-31,24.75
2014-06-01,24.73
2014-06-02,24.75
2014-06-03,24.34
2014-06-04,24.0
2014-06-05,23.99
2014-06-06,23.99
2014-06-07,23.98
2014-06-08,23.96
2014-06-09,23.99
2014-06-10,23.99
2014-06-11,23.99
2014-06-12,23.99
2014-06-13,23.99
2014-06-14,23.99
2014-06-15,23.99
2014-06-16,23.99
2014-06-17,23.99
2014-06-18,23.99
2014-06-19,23.97
2014-06-20,23.9
2014-06-21,23.9
2014-06-22,23.9
2014-06-23,23.75
2014-06-25,23.27
2014-06-26,23.18
2014-06-27,23.0
2014-06-28,23.0
2014-06-29,22.99
2014-06-30,22.99
2014-07-01,22.99
2014-07-02,22.97
2014-07-03,22.46
2014-07-04,22.46
2014-07-05,22.23
2014-07-06,22.27
2014-07-07,22.0
2014-07-08,21.99
2014-07-09,21.87
2014-07-11,21.63
2014-07-12,21.72
2014-07-13,21.83
2014-07-14,21.77
2014-07-15,21.72
2014-07-16,21.74
2014-07-17,21.64
2014-07-19,21.49
2014-07-20,21.44
2014-07-21,21.46
2014-07-22,21.44
2014-07-23,21.0
2014-07-24,20.99
2014-07-25,20.99
2014-07-26,20.99
2014-07-27,20.99
2014-07-28,20.99
2014-07-29,20.99
2014-07-30,20.99
2014-07-31,20.99
2014-08-01,20.9
2014-08-02,20.9
2014-08-03,20.9
2014-08-04,20.89
2014-08-05,20.45
2014-08-06,20.64
2014-08-07,20.47
2014-08-08,20.45
2014-08-09,20.37
2014-08-10,20.37
2014-08-11,20.31
2014-08-12,20.21
2014-08-13,20.21
2014-08-14,20.26
2014-08-15,20.26
2014-08-16,20.23
2014-08-17,20.13
2014-08-18,20.18
2014-08-19,20.18
2014-08-20,20.0
2014-08-21,19.99
2014-08-22,19.99
2014-08-23,20.05
2014-08-24,19.99
2014-08-25,19.99
2014-08-26,19.99
2014-08-27,19.99
2014-08-28,19.99
2014-08-29,19.98
2014-08-30,19.99
2014-08-31,19.99
2014-09-01,19.99
2014-09-02,19.96
2014-09-03,19.95
2014-09-04,19.94
2014-09-05,19.94
2014-09-06,19.94
2014-09-07,19.98
2014-09-08,19.95
2014-09-09,19.99
2014-09-10,19.99
2014-09-11,19.99
2014-09-12,19.97
2014-09-13,19.95
2014-09-14,19.96
2014-09-15,19.95
2014-09-16,19.95
2014-09-17,19.95
2014-09-18,19.94
2014-09-19,19.95
2014-09-20,19.99
2014-09-21,19.99
2014-09-22,19.99
2014-09-23,19.99
2014-09-24,19.99
2014-09-25,19.95
2014-09-26,19.94
2014-09-27,19.97
2014-09-28,19.99
2014-09-29,19.98
2014-09-30,19.94
2014-10-01,19.95
2014-10-02,19.96
2014-10-03,19.99
2014-10-04,19.97
2014-10-05,19.98
2014-10-06,19.96
2014-10-07,19.97
2014-10-08,19.94
2014-10-10,19.79
2014-10-11,19.79
2014-10-12,19.82
2014-10-13,19.78
2014-10-14,19.76
2014-10-15,19.73
2014-10-16,19.6
2014-10-17,19.56
2014-10-18,19.56
2014-10-19,19.57
2014-10-20,19.6
2014-10-21,19.69
2014-10-22,19.56
2014-10-23,19.5
2014-10-24,19.5
2014-10-25,19.46
2014-10-26,19.44
2014-10-27,19.48
2014-10-28,19.54
2014-10-29,19.59
2014-10-30,19.57
2014-10-31,19.6
2014-11-01,19.75
2014-11-02,19.75
2014-11-03,19.72
2014-11-04,19.6
2014-11-05,19.72
2014-11-06,19.69
2014-11-07,19.63
2014-11-08,19.63
2014-11-09,19.74
2014-11-10,19.79
2014-11-11,19.88
2014-11-12,19.94
2014-11-13,19.87
2014-11-14,19.94
2014-11-15,19.94
2014-11-16,19.94
2014-11-17,19.99
2014-11-18,20.04
2014-11-19,19.99
2014-11-20,20.0
2014-11-21,19.99
2014-11-22,19.99
2014-11-23,20.03
2014-11-24,19.99
2014-11-25,19.99
2014-11-26,19.99
2014-11-27,19.99
2014-11-28,20.4
2014-11-29,20.72
2014-11-30,20.85
2014-12-01,20.97
2014-12-02,20.99
2014-12-03,20.98
2014-12-04,20.99
2014-12-05,20.58
2014-12-06,20.67
2014-12-07,20.98
2014-12-08,20.98
2014-12-09,20.99
2014-12-10,20.9
2014-12-11,20.9
2014-12-12,20.99
2014-12-13,21.0
2014-12-14,21.19
2014-12-15,21.0
2014-12-16,20.99
2014-12-17,20.99
2014-12-18,20.99
2014-12-19,20.9
2014-12-20,20.9
2014-12-21,20.99
2014-12-22,21.18
2014-12-23,21.17
2014-12-24,21.19
2014-12-25,21.19
2014-12-26,21.65
2014-12-27,21.78
2014-12-28,21.97
2014-12-29,22.45
2014-12-30,22.94
2014-12-31,22.77
2015-01-01,23.75
2015-01-02,24.0
2015-01-03,24.11
2015-01-04,25.0
2015-01-05,25.0
2015-01-06,25.8
2015-01-07,25.24
2015-01-08,25.07
2015-01-09,25.76
2015-01-10,25.52
2015-01-11,25.52
2015-01-12,26.99
2015-01-13,27.0
2015-01-14,27.03
2015-01-15,27.16
2015-01-16,27.91
2015-01-17,27.91
2015-01-18,27.83
2015-01-19,33.99
2015-01-20,33.94
2015-01-21,32.97
2015-01-22,34.99
2015-01-23,34.99
2015-01-24,34.98
2015-01-25,34.98
2015-01-26,33.5
2015-01-27,34.0
2015-01-28,33.75
2015-01-29,33.67
2015-01-30,33.39
2015-01-31,34.81
2015-02-01,34.32
2015-02-02,34.98
2015-02-03,34.42
2015-02-04,34.99
2015-02-05,34.99
2015-02-06,34.99
2015-02-07,34.99
2015-02-08,35.0
2015-02-09,35.0
2015-02-10,35.01
2015-02-11,35.87
2015-02-12,34.99
2015-02-13,34.99
2015-02-14,34.98
2015-02-15,34.94
2015-02-16,34.78
2015-02-17,34.63
2015-02-18,34.94
2015-02-19,33.99
2015-02-20,34.49
2015-02-21,34.74
2015-02-22,34.74
2015-02-23,34.99
2015-02-24,35.01
2015-02-25,35.0
2015-02-26,34.99
2015-02-27,34.99
2015-02-28,34.99
2015-03-01,34.49
2015-03-02,34.99
2015-03-03,34.69
2015-03-04,34.81
2015-03-05,34.81
2015-03-06,34.5
2015-03-07,34.64
2015-03-08,34.35
2015-03-09,34.14
2015-03-10,33.99
2015-03-11,34.28
2015-03-12,34.49
2015-03-13,34.57
2015-03-14,34.64
2015-03-15,34.83
2015-03-16,34.57
2015-03-17,34.52
2015-03-18,34.34
2015-03-19,34.29
2015-03-20,34.34
2015-03-21,34.07
2015-03-22,33.97
2015-03-23,33.99
2015-03-24,33.99
2015-03-25,34.1
2015-03-26,34.1
2015-03-27,34.11
2015-03-28,34.2
2015-03-29,34.26
2015-03-30,34.2
2015-03-31,34.2
2015-04-01,34.23
2015-04-02,34.2
2015-04-03,34.18
2015-04-04,34.2
2015-04-05,34.09
2015-04-06,34.02
2015-04-07,33.99
2015-04-08,33.99
2015-04-09,33.9
2015-04-10,33.99
2015-04-11,33.83
2015-04-12,33.73
2015-04-13,33.25
2015-04-14,33.25
2015-04-15,33.25
2015-04-16,33.24
2015-04-17,33.25
2015-04-18,33.24
2015-04-19,33.12
2015-04-20,32.89
2015-04-21,32.68
2015-04-22,32.65
2015-04-23,32.79
2015-04-24,33.16
2015-04-25,33.25
2015-04-26,33.01
2015-04-27,33.02
2015-04-28,33.14
2015-04-29,32.79
2015-04-30,32.79
2015-05-01,33.24
2015-05-02,32.99
2015-05-03,32.99
2015-05-04,32.92
2015-05-05,32.81
2015-05-06,32.52
2015-05-07,32.63
2015-05-08,32.99
2015-05-09,32.79
2015-05-10,32.72
2015-05-11,32.65
2015-05-12,32.56
2015-05-13,32.43
2015-05-14,32.24
2015-05-15,32.24
2015-05-16,32.07
2015-05-17,32.04
2015-05-18,32.02
2015-05-19,31.99
2015-05-20,31.86
2015-05-21,31.86
2015-05-22,31.76
2015-05-23,31.84
2015-05-24,31.57
2015-05-25,31.8
2015-05-26,31.47
2015-05-27,31.84
2015-05-28,31.83
2015-05-29,31.81
2015-05-30,31.81
2015-05-31,31.77
2015-06-01,31.49
2015-06-02,31.5
2015-06-03,31.49
2015-06-04,31.45
2015-06-05,31.37
2015-06-06,31.34
2015-06-07,31.41
2015-06-08,31.45
2015-06-09,31.37
2015-06-10,31.2
2015-06-11,31.14
2015-06-12,31.14
2015-06-13,31.03
2015-06-14,31.29
2015-06-15,31.43
2015-06-16,31.47
2015-06-17,31.4
2015-06-18,31.31
2015-06-19,31.47
2015-06-20,31.41
2015-06-21,31.32
2015-06-22,31.2
2015-06-23,30.94
2015-06-24,31.1
2015-06-25,31.1
2015-06-26,31.05
2015-06-27,30.88
2015-06-28,30.9
2015-06-29,30.88
2015-06-30,30.88
2015-07-01,30.87
2015-07-02,30.8
2015-07-03,30.79
2015-07-04,30.87
2015-07-05,30.84
2015-07-06,30.87
2015-07-07,30.63
2015-07-08,30.61
2015-07-09,30.4
2015-07-10,30.45
2015-07-11,30.55
2015-07-12,30.53
2015-07-13,30.4
2015-07-14,30.03
2015-07-15,30.0
2015-07-16,30.19
2015-07-17,30.24
2015-07-18,30.16
2015-07-19,30.0
2015-07-20,30.0
2015-07-21,29.9
2015-07-22,29.99
2015-07-23,29.99
2015-07-24,29.97
2015-07-25,29.84
2015-07-26,30.0
2015-07-27,29.95
2015-07-28,29.91
2015-07-29,29.76
2015-07-30,29.74
2015-07-31,29.85
2015-08-01,29.93
2015-08-02,29.73
2015-08-03,29.77
2015-08-04,29.67
2015-08-05,29.49
2015-08-06,29.49
2015-08-07,29.49
2015-08-08,29.37
2015-08-09,29.36
2015-08-10,29.43
2015-08-11,29.11
2015-08-12,28.98
2015-08-13,28.98
2015-08-14,29.02
2015-08-15,29.07
2015-08-16,28.98
2015-08-17,28.98
2015-08-18,28.9
2015-08-19,28.82
2015-08-20,28.51
2015-08-21,28.49
2015-08-22,28.4
2015-08-23,28.44
2015-08-24,28.13
2015-08-25,28.01
2015-08-26,27.84
2015-08-27,27.65
2015-08-28,27.88
2015-08-29,27.63
2015-08-30,27.53
2015-08-31,27.52
2015-09-01,27.4
2015-09-02,26.97
2015-09-03,26.95
2015-09-04,27.0
2015-09-05,27.05
2015-09-06,27.0
2015-09-07,27.0
2015-09-08,27.01
2015-09-09,27.0
2015-09-10,26.97
2015-09-11,26.97
2015-09-12,26.97
2015-09-13,26.96
2015-09-14,26.87
2015-09-15,26.38
2015-09-16,26.49
2015-09-17,26.37
2015-09-18,26.21
2015-09-19,26.16
2015-09-20,26.15
2015-09-21,26.14
2015-09-22,26.09
2015-09-23,26.0
2015-09-24,25.93
2015-09-25,26.0
2015-09-26,25.99
2015-09-27,25.81
2015-09-28,25.69
2015-09-29,25.63
2015-09-30,25.55
2015-10-01,25.49
2015-10-02,25.19
2015-10-03,25.19
2015-10-04,25.2
2015-10-05,25.03
2015-10-06,25.01
2015-10-07,25.0
2015-10-08,25.0
2015-10-09,25.0
2015-10-10,24.99
2015-10-11,24.99
2015-10-12,24.99
2015-10-13,24.99
2015-10-14,24.98
2015-10-15,24.82
2015-10-16,24.74
2015-10-17,24.84
2015-10-18,24.82
2015-10-19,24.7
2015-10-20,24.7
2015-10-21,24.64
2015-10-22,24.58
2015-10-23,24.51
2015-10-24,24.38
2015-10-25,24.43
2015-10-26,24.37
2015-10-27,24.38
2015-10-28,24.38
2015-10-29,24.43
2015-10-30,24.38
2015-10-31,24.39
2015-11-01,24.44
2015-11-02,24.33
2015-11-03,24.18
2015-11-04,24.04
2015-11-05,23.94
2015-11-06,23.77
2015-11-07,23.83
2015-11-08,23.75
2015-11-09,23.49
2015-11-10,23.39
2015-11-11,23.32
2015-11-12,23.32
2015-11-13,23.32
2015-11-14,23.34
2015-11-15,23.0
2015-11-16,23.0
2015-11-17,23.27
2015-11-18,23.28
2015-11-19,23.29
2015-11-20,23.07
2015-11-21,23.07
2015-11-22,23.29
2015-11-23,22.99
2015-11-24,23.0
2015-11-25,22.8
2015-11-26,22.5
2015-11-27,22.44
2015-11-28,22.21
2015-11-29,22.27
2015-11-30,22.25
2015-12-01,22.35
2015-12-02,22.48
2015-12-03,22.35
2015-12-04,22.35
2015-12-05,22.76
2015-12-06,22.78
2015-12-07,22.76
2015-12-08,23.39
2015-12-09,23.58
2015-12-10,23.95
2015-12-11,23.99
2015-12-12,24.23
2015-12-13,24.52
2015-12-14,24.94
2015-12-15,24.98
2015-12-16,24.99
2015-12-17,25.97
2015-12-18,26.94
2015-12-19,27.76
2015-12-20,28.73
2015-12-21,33.49
2015-12-22,35.21
2015-12-23,36.03
2015-12-24,39.89
2015-12-25,40.0
2015-12-26,39.85
2015-12-27,40.0
2015-12-28,38.87
2015-12-29,42.98
2015-12-30,43.2
2015-12-31,44.1
2016-01-01,42.98
2016-01-02,42.6
2016-01-03,42.77
2016-01-04,42.77
2016-01-05,41.75
2016-01-06,40.21
2016-01-07,40.99
2016-01-08,40.99
2016-01-09,40.1
2016-01-10,40.21
2016-01-11,40.57
2016-01-12,40.99
2016-01-13,42.29
2016-01-14,42.1
2016-01-15,40.78
2016-01-16,38.06
2016-01-17,38.05
2016-01-18,37.99
2016-01-19,37.98
2016-01-20,36.88
2016-01-21,36.84
2016-01-22,36.63
2016-01-23,36.84
2016-01-24,36.64
2016-01-25,36.33
2016-01-26,35.39
2016-01-27,35.37
2016-01-28,35.06
2016-01-29,35.03
2016-01-30,35.01
2016-01-31,34.99
2016-02-01,34.81
2016-02-02,34.19
2016-02-03,33.51
2016-02-04,33.5
2016-02-05,33.24
2016-02-06,33.06
2016-02-07,33.12
2016-02-08,31.99
2016-02-09,31.79
2016-02-10,31.39
2016-02-11,31.31
2016-02-12,31.06
2016-02-13,31.13
2016-02-14,31.29
2016-02-15,30.95
2016-02-16,30.55
2016-02-17,30.0
2016-02-18,30.1
2016-02-19,29.75
2016-02-20,29.43
2016-02-21,29.08
2016-02-22,28.9
2016-02-23,28.5
2016-02-24,28.34
2016-02-25,27.79
2016-02-26,27.54
2016-02-27,27.49
2016-02-28,27.45
2016-02-29,27.45
2016-03-01,27.04
2016-03-02,27.04
2016-03-03,26.92
2016-03-04,26.92
2016-03-05,26.95
2016-03-06,26.99
2016-03-07,26.9
2016-03-08,26.87
2016-03-09,26.47
2016-03-10,26.2
2016-03-11,26.13
2016-03-12,26.16
2016-03-13,26.1
2016-03-14,26.0
2016-03-15,25.95
2016-03-16,25.85
2016-03-17,25.69
2016-03-18,25.37
2016-03-19,25.0
2016-03-20,25.25
2016-03-21,25.0
2016-03-22,24.95
2016-03-23,24.96
2016-03-24,24.99
2016-03-25,24.9
2016-03-26,24.7
2016-03-27,24.55
2016-03-28,24.5
2016-03-29,24.61
2016-03-30,24.7
2016-03-31,24.6
2016-04-01,24.5
2016-04-02,24.64
2016-04-03,24.69
2016-04-04,24.86
2016-04-05,24.66
2016-04-06,24.69
2016-04-07,24.7
2016-04-08,24.69
2016-04-09,24.55
2016-04-10,24.6
2016-04-11,24.66
2016-04-12,24.68
2016-04-13,24.88
2016-04-14,24.7
2016-04-15,24.7
2016-04-16,24.7
2016-04-17,24.78
2016-04-18,24.87
2016-04-19,24.7
2016-04-20,24.7
2016-04-21,24.53
2016-04-22,24.7
2016-04-23,24.69
2016-04-24,24.41
2016-04-25,24.61
2016-04-26,24.7
2016-04-27,24.55
2016-04-28,24.47
2016-04-29,24.47
2016-04-30,24.47
2016-05-01,24.51
2016-05-02,24.5
2016-05-03,24.27
2016-05-04,24.28
2016-05-05,24.35
2016-05-06,24.19
2016-05-07,24.01
2016-05-08,23.99
2016-05-09,24.24
2016-05-10,24.23
2016-05-11,24.09
2016-05-12,24.09
2016-05-13,24.05
2016-05-14,24.14
2016-05-15,24.14
2016-05-16,23.75
2016-05-17,23.76
2016-05-18,23.49
2016-05-19,23.51
2016-05-20,23.46
2016-05-21,23.39
2016-05-22,23.39
2016-05-23,23.22
2016-05-24,22.81
2016-05-25,22.46
2016-05-26,22.37
2016-05-27,22.86
2016-05-28,22.84
2016-05-29,22.99
2016-05-30,22.88
2016-05-31,22.6
2016-06-01,22.46
2016-06-02,21.97
2016-06-03,22.25
2016-06-04,22.17
2016-06-05,22.03
2016-06-06,21.85
2016-06-07,21.84
2016-06-08,21.85
2016-06-09,21.84
2016-06-10,21.85
2016-06-11,21.78
2016-06-12,21.78
2016-06-13,21.63
2016-06-14,21.38
2016-06-15,21.27
2016-06-16,21.26
2016-06-17,21.14
2016-06-18,21.18
2016-06-19,21.17
2016-06-20,20.9
2016-06-21,20.9
2016-06-22,20.9
2016-06-23,20.9
2016-06-24,20.9
2016-06-25,20.83
2016-06-26,20.74
2016-06-27,20.79
2016-06-28,20.3
2016-06-29,20.28
2016-06-30,20.28
2016-07-01,20.48
2016-07-02,20.74
2016-07-03,20.74
2016-07-04,20.84
2016-07-05,20.83
2016-07-06,20.68
2016-07-07,20.28
2016-07-08,20.27
2016-07-09,20.09
2016-07-10,20.09
2016-07-11,20.09
2016-07-12,20.0
2016-07-13,19.99
2016-07-14,19.95
2016-07-15,19.95
2016-07-16,19.95
2016-07-17,19.93
2016-07-18,19.95
2016-07-19,19.79
2016-07-20,19.59
2016-07-21,19.52
2016-07-22,19.56
2016-07-23,19.37
2016-07-24,19.42
2016-07-25,19.14
2016-07-26,19.03
2016-07-27,19.0
2016-07-28,18.9
2016-07-29,18.82
2016-07-30,18.45
2016-07-31,18.45
2016-08-01,18.46
2016-08-02,18.0
2016-08-03,18.0
2016-08-04,18.0
2016-08-05,17.99
2016-08-06,17.99
2016-08-07,17.99
2016-08-08,18.0
2016-08-09,17.99
2016-08-10,17.99
2016-08-11,17.99
2016-08-12,17.99
2016-08-13,17.99
2016-08-14,17.99
2016-08-15,17.99
2016-08-16,17.99
2016-08-17,17.94
2016-08-18,17.77
2016-08-19,17.77
2016-08-20,17.94
2016-08-22,17.99
2016-08-23,17.99
2016-08-24,17.99
2016-08-25,17.99
2016-08-26,17.99
2016-08-27,17.99
2016-08-28,17.99
2016-08-29,17.99
2016-08-30,17.99
2016-08-31,17.99
2016-09-01,17.99
2016-09-02,17.99
2016-09-03,17.99
2016-09-04,17.99
2016-09-05,18.04
2016-09-06,18.07
2016-09-07,18.07
2016-09-08,18.05
2016-09-09,17.99
2016-09-10,17.99
2016-09-11,17.99
2016-09-12,17.99
2016-09-13,17.99
2016-09-14,17.95
2016-09-15,17.95
2016-09-16,17.81
2016-09-17,17.81
2016-09-19,17.85
2016-09-20,17.89
2016-09-21,17.59
2016-09-22,17.83
2016-09-23,17.98
2016-09-24,17.99
2016-09-25,17.99
2016-09-26,18.41
2016-09-27,18.33
2016-09-28,18.34
2016-09-29,18.12
2016-09-30,17.99
2016-10-01,17.99
2016-10-02,17.99
2016-10-03,18.0
2016-10-04,17.99
2016-10-05,17.99
2016-10-06,17.99
2016-10-07,17.97
2016-10-08,17.99
2016-10-09,17.97
2016-10-10,17.97
2016-10-11,17.95
2016-10-12,17.81
2016-10-13,17.91
2016-10-14,17.77
2016-10-15,17.48
2016-10-16,17.58
2016-10-17,17.59
2016-10-18,17.49
2016-10-19,17.53
2016-10-20,17.46
2016-10-21,17.99
2016-10-22,17.35
2016-10-23,17.46
2016-10-24,17.47
2016-10-25,17.42
2016-10-26,17.42
2016-10-27,17.47
2016-10-28,17.47
2016-10-29,17.48
2016-10-30,17.5
2016-10-31,17.38
2016-11-01,17.44
2016-11-02,17.39
2016-11-03,17.26
2016-11-04,17.38
2016-11-05,17.38
2016-11-06,17.38
2016-11-07,17.38
2016-11-08,16.92
2016-11-09,17.25
2016-11-10,17.25
2016-11-11,17.25
2016-11-12,17.25
2016-11-13,17.25
2016-11-14,17.21
2016-11-15,17.07
2016-11-16,17.15
2016-11-17,17.09
2016-11-18,17.04
2016-11-19,17.02
2016-11-20,17.02
2016-11-21,16.98
2016-11-22,16.88
2016-11-23,16.72
2016-11-24,16.73
2016-11-25,16.78
2016-11-26,16.76
2016-11-27,16.67
2016-11-28,16.56
2016-11-29,16.5
2016-11-30,16.39
2016-12-01,16.28
2016-12-02,16.28
2016-12-03,16.11
2016-12-04,16.11
2016-12-05,16.15
2016-12-06,16.13
2016-12-07,16.06
2016-12-08,15.96
2016-12-09,15.93
2016-12-10,15.92
2016-12-11,15.92
2016-12-12,15.87
2016-12-13,15.92
2016-12-14,15.86
2016-12-15,15.81
2016-12-16,15.7
2016-12-17,15.59
2016-12-18,15.5
2016-12-19,15.47
2016-12-20,15.38
2016-12-21,15.34
2016-12-22,15.34
2016-12-23,15.06
2016-12-24,15.06
2016-12-25,15.11
2016-12-26,15.2
2016-12-27,15.06
2016-12-28,15.12
2016-12-29,15.15
2016-12-30,15.31
2016-12-31,15.02
2017-01-01,15.09
2017-01-02,15.15
2017-01-03,15.18
2017-01-04,15.31
2017-01-05,15.24
2017-01-06,15.31
2017-01-07,15.43
2017-01-08,15.38
2017-01-09,16.0
2017-01-10,16.14
2017-01-11,16.01
2017-01-12,16.14
2017-01-13,16.13
2017-01-14,15.99
2017-01-15,15.98
2017-01-16,16.13
2017-01-17,16.06
2017-01-18,16.06
2017-01-19,16.0
2017-01-20,15.99
2017-01-21,15.99
2017-01-22,15.99
2017-01-23,15.99
2017-01-24,15.99
2017-01-25,15.99
2017-01-26,15.99
2017-01-27,15.99
2017-01-28,15.99
2017-01-29,15.99
2017-01-30,15.99
2017-01-31,15.98
2017-02-01,15.95
2017-02-02,15.47
2017-02-03,15.34
2017-02-04,15.29
2017-02-05,15.38
2017-02-06,15.48
2017-02-07,15.5
2017-02-08,15.29
2017-02-09,15.22
2017-02-10,15.3
2017-02-11,15.3
2017-02-12,15.22
2017-02-13,15.22
2017-02-14,15.34
2017-02-15,15.38
2017-02-16,15.39
2017-02-17,15.29
2017-02-18,15.29
2017-02-19,15.34
2017-02-20,15.29
2017-02-21,15.29
2017-02-22,15.29
2017-02-23,15.26
2017-02-26,15.2
2017-02-27,15.2
2017-02-28,15.18
2017-03-01,15.14
2017-03-02,15.13
2017-03-03,15.07
2017-03-04,15.18
2017-03-05,15.07
2017-03-06,15.07
2017-03-07,14.84
2017-03-08,14.97
2017-03-09,14.95
2017-03-10,14.95
2017-03-11,14.97
2017-03-12,14.98
2017-03-13,15.11
2017-03-14,15.12
2017-03-15,15.12
2017-03-17,15.18
2017-03-18,15.19
2017-03-19,15.19
2017-03-20,15.19
2017-03-21,15.19
2017-03-22,15.19
2017-03-23,15.19
2017-03-24,15.19
2017-03-25,15.19
2017-03-26,15.15
2017-03-27,15.25
2017-03-28,15.23
2017-03-29,15.17
2017-03-30,15.15
2017-03-31,15.15
2017-04-01,15.17
2017-04-02,15.13
2017-04-03,15.0
2017-04-04,14.99
2017-04-05,14.99
2017-04-06,14.97
2017-04-07,14.95
2017-04-08,14.97
2017-04-09,14.96
2017-04-10,14.99
2017-04-11,14.96
2017-04-12,14.96
2017-04-13,14.99
2017-04-14,14.99
2017-04-15,14.99
2017-04-16,14.99
2017-04-17,14.99
2017-04-18,14.99
2017-04-19,14.99
2017-04-20,14.99
2017-04-21,14.99
2017-04-22,14.99
2017-04-23,14.99
2017-04-24,15.28
2017-04-25,15.37
2017-04-26,15.69
2017-04-27,15.92
2017-04-28,15.95
2017-04-29,15.95
2017-04-30,15.97
2017-05-01,15.99
2017-05-02,15.95
2017-05-03,15.95
2017-05-04,15.9
2017-05-05,15.56
2017-05-06,15.47
2017-05-07,15.29
2017-05-08,15.28
2017-05-09,15.65
2017-05-10,15.26
2017-05-11,15.26
2017-05-12,15.28
2017-05-13,15.32
2017-05-14,15.4
2017-05-15,15.4
2017-05-16,15.28
2017-05-17,15.21
2017-05-18,15.2
2017-05-19,15.22
2017-05-20,15.24
2017-05-21,15.22
2017-05-22,15.22
2017-05-23,15.25
2017-05-24,15.46
2017-05-25,15.26
2017-05-26,15.43
2017-05-27,15.43
2017-05-28,15.35
2017-05-29,15.26
2017-05-30,15.25
2017-05-31,15.26
2017-06-01,15.06
2017-06-02,15.26
2017-06-03,15.3
2017-06-04,15.38
2017-06-05,15.28
2017-06-06,15.9
2017-06-07,15.69
2017-06-08,15.69
2017-06-09,15.97
2017-06-10,15.99
2017-06-11,15.99
2017-06-12,16.14
2017-06-13,16.98
2017-06-14,16.96
2017-06-15,16.77
2017-06-16,16.5
2017-06-17,16.56
2017-06-18,16.56
2017-06-19,16.58
2017-06-20,16.54
2017-06-21,16.47
2017-06-22,16.45
2017-06-23,16.39
2017-06-24,16.42
2017-06-25,16.39
2017-06-26,16.39
2017-06-27,16.27
2017-06-28,16.39
2017-06-29,16.2
2017-06-30,16.2
2017-07-01,16.18
2017-07-02,16.18
2017-07-03,16.19
2017-07-04,16.27
2017-07-05,16.27
2017-07-06,16.35
2017-07-07,16.33
2017-07-08,16.39
2017-07-09,16.43
2017-07-10,16.43
2017-07-11,16.48
2017-07-12,16.46
2017-07-13,16.39
2017-07-14,16.33
2017-07-15,16.2
2017-07-16,16.27
2017-07-17,16.27
2017-07-18,16.23
2017-07-19,16.17
2017-07-20,16.15
2017-07-21,16.2
2017-07-22,16.19
2017-07-23,16.15
2017-07-24,16.2
2017-07-25,15.23
2017-07-26,16.15
2017-07-27,16.15
2017-07-28,16.14
2017-07-29,15.99
2017-07-30,15.99
2017-07-31,15.95
2017-08-01,15.99
2017-08-02,16.14
2017-08-03,16.15
2017-08-04,16.23
2017-08-05,16.23
2017-08-06,16.28
2017-08-07,16.5
2017-08-08,16.56
2017-08-09,16.49
2017-08-10,16.49
2017-08-11,16.34
2017-08-12,16.28
2017-08-13,16.28
2017-08-14,16.28
2017-08-15,16.25
2017-08-16,16.32
2017-08-17,16.39
2017-08-18,16.32
2017-08-19,16.22
2017-08-20,16.16
2017-08-21,16.15
2017-08-22,16.14
2017-08-23,16.14
2017-08-24,16.18
2017-08-25,16.39
2017-08-26,16.49
2017-08-27,16.54
2017-08-28,16.61
2017-08-29,16.67
2017-08-30,16.67
2017-08-31,16.74
2017-09-01,16.78
2017-09-02,16.65
2017-09-03,16.65
2017-09-04,16.62
2017-09-05,16.55
2017-09-06,16.55
2017-09-07,16.45
2017-09-08,16.5
2017-09-09,16.5
2017-09-10,16.49
2017-09-11,16.42
2017-09-12,16.47
2017-09-13,16.5
2017-09-14,16.39
2017-09-15,16.56
2017-09-16,16.39
2017-09-17,16.67
2017-09-18,16.68
2017-09-19,16.6
2017-09-20,16.55
2017-09-21,16.61
2017-09-22,16.67
2017-09-23,16.67
2017-09-24,16.5
2017-09-25,16.61
2017-09-26,16.6
2017-09-27,16.65
2017-09-28,16.61
2017-09-29,16.66
2017-09-30,16.66
2017-10-01,16.65
2017-10-02,16.63
2017-10-03,16.63
2017-10-04,16.61
2017-10-05,16.6
2017-10-06,16.65
2017-10-07,16.63
2017-10-08,16.6
2017-10-09,16.58
2017-10-10,16.6
2017-10-11,16.6
2017-10-12,16.5
2017-10-13,16.5
2017-10-14,16.24
2017-10-15,16.28
2017-10-16,16.28
2017-10-19,16.49
2017-10-20,16.49
2017-10-21,16.57
2017-10-22,16.64
2017-10-23,16.91
2017-10-24,16.96
2017-10-25,16.91
2017-10-26,16.73
2017-10-27,16.91
2017-10-28,16.67
2017-10-29,16.78
2017-10-30,16.84
2017-10-31,16.84
2017-11-01,16.84
2017-11-02,16.94
2017-11-03,16.87
2017-11-04,16.97
2017-11-05,16.95
2017-11-06,16.92
2017-11-07,16.9
2017-11-08,16.87
2017-11-09,16.99
2017-11-10,16.97
2017-11-11,16.87
2017-11-12,16.82
2017-11-13,16.81
2017-11-14,16.78
2017-11-15,16.9
2017-11-16,16.97
2017-11-17,17.01
2017-11-18,17.05
2017-11-19,17.1
2017-11-20,17.08
2017-11-21,17.1
2017-11-22,17.25
2017-11-23,17.55
2017-11-24,17.5
2017-11-25,17.57
2017-11-26,17.59
2017-11-27,17.99
2017-11-28,17.99
2017-11-29,17.99
2017-11-30,17.98
2017-12-01,17.99
2017-12-02,17.99
2017-12-03,17.93
2017-12-04,17.95
2017-12-05,17.92
2017-12-06,17.75
2017-12-07,17.66
2017-12-08,17.66
2017-12-09,17.64
2017-12-10,17.75
2017-12-11,17.83
2017-12-12,17.83
2017-12-13,17.83
2017-12-14,17.56
2017-12-15,17.52
2017-12-16,17.49
2017-12-17,17.48
2017-12-18,17.49
2017-12-19,17.41
2017-12-20,17.16
2017-12-21,17.02
2017-12-22,17.0
2017-12-23,17.02
2017-12-24,17.09
2017-12-25,17.06
2017-12-26,17.09
2017-12-27,17.45
2017-12-28,17.39
2017-12-29,17.45
2017-12-30,17.28
2017-12-31,17.27
2018-01-01,17.28
2018-01-02,17.28
2018-01-03,17.53
2018-01-04,17.6
2018-01-05,17.6
2018-01-06,17.82
2018-01-07,17.77
2018-01-08,17.77
2018-01-09,17.86
2018-01-10,17.79
2018-01-11,17.77
2018-01-12,17.75
2018-01-13,17.6
2018-01-14,17.21
2018-01-15,17.52
2018-01-16,17.97
2018-01-17,17.96
2018-01-18,17.96
2018-01-19,17.95
2018-01-20,17.98
2018-01-21,17.97
2018-01-22,17.99
2018-01-23,18.5
2018-01-24,18.45
2018-01-25,18.39
2018-01-26,17.99
2018-01-27,18.45
2018-01-28,18.39
2018-01-29,19.75
2018-01-30,19.99
2018-01-31,20.86
2018-02-01,20.75
2018-02-02,20.99
2018-02-03,20.99
2018-02-04,21.49
2018-02-05,21.92
2018-02-06,22.28
2018-02-07,22.62
2018-02-08,22.5
2018-02-09,22.25
2018-02-10,23.85
2018-02-11,24.85
2018-02-13,29.22
2018-02-14,25.29
2018-02-15,23.95
2018-02-16,23.95
2018-02-17,23.95
2018-02-18,23.43
2018-02-19,23.43
2018-02-20,21.95
2018-02-21,22.1
2018-02-22,22.25
2018-02-23,23.29
2018-02-24,22.25
2018-02-25,22.1
2018-02-26,21.95
2018-02-27,21.38
2018-02-28,21.44
2018-03-01,21.57
2018-03-02,22.25
2018-03-03,22.45
2018-03-04,22.25
2018-03-05,22.08
2018-03-06,21.95
2018-03-07,22.23
2018-03-08,22.65
2018-03-09,21.44
2018-03-10,21.52
2018-03-11,21.49
2018-03-12,21.11
2018-03-13,21.44
2018-03-14,21.25
2018-03-15,21.0
2018-03-16,20.99
2018-03-17,20.99
2018-03-18,20.99
2018-03-19,21.44
2018-03-20,21.38
2018-03-21,21.54
2018-03-22,21.54
2018-03-23,22.46
2018-03-24,22.46
2018-03-25,22.07
2018-03-26,22.11
2018-03-27,22.2
2018-03-28,22.07
2018-03-29,21.77
2018-03-30,21.77
2018-03-31,21.49
2018-04-01,21.0
2018-04-02,20.99
2018-04-03,20.99
2018-04-04,20.9
2018-04-05,20.49
2018-04-06,20.42
2018-04-07,19.99
2018-04-08,20.0
2018-04-09,20.05
2018-04-10,20.26
2018-04-11,20.26
2018-04-12,20.1
2018-04-13,20.64
2018-04-14,20.64
2018-04-15,20.9
2018-04-16,24.85
2018-04-17,25.45
2018-04-18,26.08
2018-04-19,25.38
2018-04-20,25.38
2018-04-21,24.13
2018-04-22,24.09
2018-04-23,23.74
2018-04-24,23.87
2018-04-25,23.44
2018-04-26,23.87
2018-04-27,23.72
2018-04-28,23.44
2018-04-29,24.67
2018-04-30,23.89
2018-05-01,24.34
2018-05-02,24.13
2018-05-03,24.13
2018-05-04,24.4
2018-05-05,24.67
2018-05-06,23.74
2018-05-07,23.44
2018-05-08,23.44
2018-05-09,22.82
2018-05-10,22.82
2018-05-11,22.57
2018-05-12,22.12
2018-05-13,22.37
2018-05-14,22.57
2018-05-15,22.82
2018-05-16,22.65
2018-05-17,22.82
2018-05-18,22.54
2018-05-19,22.52
2018-05-20,22.46
2018-05-21,22.49
2018-05-22,22.31
2018-05-23,22.13
2018-05-24,22.41
2018-05-25,22.99
2018-05-26,24.06
2018-05-27,24.06
2018-05-28,23.99
2018-05-29,22.99
2018-05-30,22.65
2018-05-31,22.99
2018-06-01,22.99
2018-06-02,22.78
2018-06-03,22.78
2018-06-04,22.56
2018-06-05,22.42
2018-06-06,22.34
2018-06-07,22.34
2018-06-08,22.33
2018-06-09,22.25
2018-06-10,22.12
2018-06-11,22.25
2018-06-12,22.48
2018-06-13,22.49
2018-06-14,22.49
2018-06-15,22.36
2018-06-16,22.25
2018-06-17,22.49
2018-06-18,22.91
2018-06-19,22.91
2018-06-20,23.99
2018-06-21,24.2
2018-06-22,23.99
2018-06-23,23.99
2018-06-24,23.99
2018-06-25,23.99
2018-06-26,24.88
2018-06-27,29.24
2018-06-28,33.82
2018-06-29,61.0
2018-06-30,54.99
2018-07-01,51.95
2018-07-02,55.0
2018-07-03,55.0
2018-07-05,52.5
2018-07-06,54.99
2018-07-07,50.0
2018-07-08,50.0
2018-07-09,50.0
2018-07-11,49.99
2018-07-12,47.51
2018-07-13,45.95
2018-07-14,45.48
2018-07-15,45.0
2018-07-16,46.73
2018-07-17,45.0
2018-07-18,45.48
2018-07-19,45.0
2018-07-20,45.0
2018-07-21,45.48
2018-07-22,45.0
2018-07-23,45.0
2018-07-24,44.99
2018-07-25,44.99
2018-07-26,42.8
2018-07-27,41.99
2018-07-28,40.37
2018-07-29,39.97
2018-07-30,39.51
2018-07-31,39.51
2018-08-01,37.31
2018-08-02,38.49
2018-08-03,36.09
2018-08-04,37.1
2018-08-05,38.09
2018-08-06,38.54
2018-08-07,39.79
2018-08-08,39.39
2018-08-09,39.39
2018-08-10,39.85
2018-08-11,39.9
2018-08-12,38.99
2018-08-13,39.39
2018-08-14,38.99
2018-08-15,38.0
2018-08-16,38.99
2018-08-17,38.91
2018-08-18,39.83
2018-08-19,39.39
2018-08-20,39.31
2018-08-21,38.51
2018-08-22,38.69
2018-08-23,38.0
2018-08-24,37.99
2018-08-25,37.59
2018-08-26,37.23
2018-08-27,36.97
2018-08-28,36.72
2018-08-29,36.07
2018-08-30,36.43
2018-08-31,36.28
2018-09-01,36.04
2018-09-02,35.99
2018-09-03,35.99
2018-09-04,35.99
2018-09-05,35.96
2018-09-06,35.71
2018-09-07,35.83
2018-09-08,35.83
2018-09-09,35.95
2018-09-10,35.86
2018-09-11,35.78
2018-09-12,35.5
2018-09-13,35.47
2018-09-14,35.78
2018-09-15,35.61
2018-09-16,35.69
2018-09-17,35.74
2018-09-18,35.7
2018-09-19,35.69
2018-09-20,35.69
2018-09-21,35.69
2018-09-22,35.69
2018-09-23,35.6
2018-09-24,35.6
2018-09-25,35.12
2018-09-26,35.06
2018-09-27,35.0
2018-09-28,35.0
2018-09-29,35.12
2018-09-30,35.31
2018-10-01,35.5
2018-10-02,35.0
2018-10-03,35.0
2018-10-04,35.0
2018-10-05,35.0
2018-10-06,34.99
2018-10-07,34.99
2018-10-08,34.99
2018-10-09,34.99
2018-10-10,34.96
2018-10-11,34.96
2018-10-12,34.96
2018-10-13,33.98
2018-10-14,33.56
2018-10-15,34.59
2018-10-16,33.68
2018-10-17,33.43
2018-10-18,33.29
2018-10-19,31.95
2018-10-20,31.32
2018-10-21,31.18
2018-10-22,31.05
2018-10-23,31.0
2018-10-24,30.99
2018-10-25,30.82
2018-10-26,30.63
2018-10-27,30.47
2018-10-28,30.57
2018-10-29,30.63
2018-10-30,30.04
2018-10-31,30.0
2018-11-01,30.07
2018-11-02,30.4
2018-11-03,30.02
2018-11-04,30.0
2018-11-05,29.99
2018-11-06,29.99
2018-11-07,29.99
2018-11-08,29.94
2018-11-09,29.93
2018-11-10,29.93
2018-11-11,29.97
2018-11-12,29.97
2018-11-13,29.93
2018-11-14,29.75
2018-11-15,29.0
2018-11-16,28.99
2018-11-17,28.78
2018-11-18,29.0
2018-11-19,29.75
2018-11-20,29.93
2018-11-21,29.93
2018-11-22,29.75
2018-11-23,29.84
2018-11-24,29.91
2018-11-25,28.8
2018-11-26,28.79
2018-11-27,29.28
2018-11-28,28.49
2018-11-29,28.77
2018-11-30,28.36
2018-12-01,27.74
2018-12-02,27.37
2018-12-03,27.74
2018-12-04,27.09
2018-12-05,26.97
2018-12-06,26.94
2018-12-07,26.92
2018-12-08,26.9
2018-12-09,26.91
2018-12-10,26.91
2018-12-11,26.9
2018-12-12,26.81
2018-12-13,26.84
2018-12-14,26.74
2018-12-15,26.84
2018-12-16,26.62
2018-12-17,26.13
2018-12-18,26.13
2018-12-19,26.07
2018-12-20,25.77
2018-12-21,25.55
2018-12-22,25.49
2018-12-23,25.77
2018-12-24,25.22
2018-12-25,25.75
2018-12-26,25.99
2018-12-27,26.07
2018-12-28,25.4
2018-12-29,25.22
2018-12-30,25.19
2018-12-31,25.24
2019-01-01,25.19
2019-01-02,25.24
2019-01-03,25.18
2019-01-04,25.08
2019-01-05,25.14
2019-01-06,25.08
2019-01-07,25.0
2019-01-08,24.99
2019-01-09,25.0
2019-01-10,25.06
2019-01-11,25.12
2019-01-12,25.16
2019-01-13,25.15
2019-01-14,25.27
2019-01-15,25.3
2019-01-16,25.18
2019-01-17,44.05
2019-01-18,41.95
2019-01-19,41.95
2019-01-20,44.05
2019-01-21,49.98
2019-01-22,48.55
2019-01-23,46.5
2019-01-24,40.97
2019-01-25,39.99
2019-01-26,39.96
2019-01-27,39.95
2019-01-28,39.21
2019-01-29,39.71
2019-01-30,39.95
2019-01-31,39.47
2019-02-01,37.99
2019-02-02,36.99
2019-02-03,36.75
2019-02-04,36.42
2019-02-05,36.42
2019-02-06,34.38
2019-02-07,34.19
2019-02-08,33.93
2019-02-09,33.24
2019-02-10,33.41
2019-02-11,33.99
2019-02-12,34.94
2019-02-13,34.65
2019-02-14,35.15
2019-02-15,33.55
2019-02-16,33.48
2019-02-17,33.48
2019-02-18,33.24
2019-02-19,33.41
2019-02-20,33.33
2019-02-21,33.23
2019-02-22,33.24
2019-02-23,33.24
2019-02-24,33.48
2019-02-25,33.24
2019-02-26,33.48
2019-02-27,33.33
2019-02-28,33.0
2019-03-01,32.99
2019-03-02,32.83
2019-03-03,32.99
2019-03-04,33.23
2019-03-05,33.24
2019-03-06,33.23
2019-03-07,33.23
2019-03-08,33.09
2019-03-09,33.16
2019-03-10,33.09
2019-03-11,34.02
2019-03-12,33.55
2019-03-13,34.77
2019-03-14,33.24
2019-03-15,33.55
2019-03-16,34.95
2019-03-17,34.91
2019-03-18,35.07
2019-03-19,35.15
2019-03-20,37.99
2019-03-21,38.02
2019-03-22,38.01
2019-03-23,38.02
2019-03-24,38.69
2019-03-25,38.69
2019-03-26,38.44
2019-03-27,37.99
2019-03-28,37.99
2019-03-29,38.02
2019-03-30,38.01
2019-03-31,38.02
2019-04-01,38.44
2019-04-02,37.99
2019-04-03,36.99
2019-04-04,36.99
2019-04-06,38.02
2019-04-07,37.63
2019-04-08,38.02
2019-04-09,37.8
2019-04-10,38.01
2019-04-11,38.14
2019-04-12,38.44
2019-04-13,38.25
2019-04-14,38.25
2019-04-15,38.89
2019-04-16,39.28
2019-04-17,38.44
2019-04-18,38.35
2019-04-19,38.14
2019-04-20,38.14
2019-04-21,38.02
2019-04-22,37.99
2019-04-23,37.99
2019-04-24,37.99
2019-04-25,37.99
2019-04-26,38.02
2019-04-27,38.01
2019-04-28,38.01
2019-04-29,38.01
2019-04-30,38.02
2019-05-01,37.99
2019-05-02,37.97
2019-05-03,38.0
2019-05-04,37.99
2019-05-05,38.01
2019-05-06,37.99
2019-05-07,37.99
2019-05-08,37.26
2019-05-09,38.01
2019-05-10,38.0
2019-05-11,38.02
2019-05-12,37.99
2019-05-13,37.99
2019-05-14,37.26
2019-05-15,37.26
2019-05-16,37.09
2019-05-17,35.73
2019-05-18,35.97
2019-05-19,35.63
2019-05-20,35.49
2019-05-21,35.49
2019-05-22,35.39
2019-05-23,34.99
2019-05-24,35.25
2019-05-25,35.98
2019-05-26,37.13
2019-05-27,36.75
2019-05-28,36.99
2019-05-31,37.63
2019-06-01,37.13
2019-06-02,37.26
2019-06-03,36.99
2019-06-04,37.13
2019-06-05,36.99
2019-06-06,36.99
2019-06-07,36.95
2019-06-08,36.99
2019-06-09,37.13
2019-06-10,37.74
2019-06-11,37.99
2019-06-12,37.99
2019-06-13,37.99
2019-06-14,37.99
2019-06-15,37.99
2019-06-16,37.99
2019-06-17,37.99
2019-06-18,37.99
2019-06-19,37.99
2019-06-20,37.04
2019-06-21,37.09
2019-06-22,36.99
2019-06-23,37.04
2019-06-24,37.09
2019-06-25,37.99
2019-06-26,37.09
2019-06-27,36.99
2019-06-28,36.99
2019-06-29,36.99
2019-06-30,36.99
2019-07-01,36.99
2019-07-02,36.98
2019-07-03,36.99
2019-07-04,36.95
2019-07-05,36.81
2019-07-06,37.26
2019-07-07,37.34
2019-07-08,37.99
2019-07-09,37.99
2019-07-10,37.99
2019-07-11,37.99
2019-07-12,37.99
2019-07-13,37.99
2019-07-14,37.99
2019-07-15,37.99
2019-07-16,37.26
2019-07-17,37.14
2019-07-18,37.24
2019-07-19,36.47
2019-07-20,35.99
2019-07-21,35.99
2019-07-22,36.04
2019-07-23,35.99
2019-07-24,35.79
2019-07-25,35.66
2019-07-26,35.21
2019-07-27,35.4
2019-07-28,35.0
2019-07-29,35.59
2019-07-30,34.99
2019-07-31,34.99
2019-08-01,34.99
2019-08-02,35.15
2019-08-03,34.99
2019-08-04,34.95
2019-08-05,34.97
2019-08-06,34.95
2019-08-07,34.78
2019-08-08,34.78
2019-08-09,34.61
2019-08-10,34.19
2019-08-11,34.18
2019-08-12,34.18
2019-08-13,33.89
2019-08-14,33.19
2019-08-15,33.89
2019-08-16,34.64
2019-08-17,34.78
2019-08-18,35.0
2019-08-19,35.95
2019-08-20,35.95
2019-08-21,35.47
2019-08-22,35.98
2019-08-23,35.98
2019-08-24,35.99
2019-08-25,36.52
2019-08-26,76.5
2019-08-27,73.99
2019-08-28,70.0
2019-08-29,70.01
2019-08-30,70.0
2019-08-31,72.99
2019-09-01,74.02
2019-09-02,74.01
2019-09-03,70.01
2019-09-04,73.99
2019-09-05,74.06
2019-09-06,73.99
2019-09-07,70.07
2019-09-08,70.66
2019-09-09,71.24
2019-09-10,70.01
2019-09-11,70.01
2019-09-12,70.0
2019-09-13,70.0
2019-09-14,70.0
2019-09-15,70.0
2019-09-16,70.01
2019-09-17,70.0
2019-09-18,70.04
2019-09-19,70.13
2019-09-20,70.07
2019-09-21,71.96
2019-09-22,73.68
2019-09-23,71.9
2019-09-24,74.49
2019-09-25,75.5
2019-09-26,79.97
2019-09-27,75.99
2019-09-28,75.87
2019-09-29,79.84
2019-09-30,79.98
2019-10-01,79.84
2019-10-02,76.05
2019-10-03,75.99
2019-10-04,75.99
2019-10-05,75.99
2019-10-06,75.0
2019-10-07,74.54
2019-10-08,72.8
2019-10-09,71.6
2019-10-10,74.99
2019-10-11,70.04
2019-10-12,70.07
2019-10-13,70.84
2019-10-14,70.65
2019-10-15,71.23
2019-10-16,71.94
2019-10-17,70.0
2019-10-18,69.99
2019-10-19,70.07
2019-10-20,70.07
2019-10-21,69.99
2019-10-22,69.07
2019-10-23,68.0
2019-10-24,65.0
2019-10-25,66.07
2019-10-26,63.87
2019-10-27,64.99
2019-10-28,64.99
2019-10-29,62.99
2019-10-30,62.28
2019-10-31,63.69
2019-11-01,62.99
2019-11-02,63.02
2019-11-03,62.99
2019-11-04,62.99
2019-11-05,61.99
2019-11-06,61.62
2019-11-07,61.06
2019-11-08,60.81
2019-11-09,60.01
2019-11-10,59.99
2019-11-11,59.99
2019-11-12,59.76
2019-11-13,59.76
2019-11-14,59.53
2019-11-15,58.09
2019-11-16,58.0
2019-11-17,58.99
2019-11-18,58.0
2019-11-19,58.0
2019-11-20,58.0
2019-11-21,57.94
2019-11-22,57.61
2019-11-23,55.93
2019-11-24,55.1
2019-11-25,55.0
2019-11-26,54.28
2019-11-27,53.71
2019-11-28,52.22
2019-11-29,52.24
2019-11-30,52.48
2019-12-01,52.52
2019-12-02,52.54
2019-12-03,52.24
2019-12-04,52.48
2019-12-05,51.48
2019-12-06,50.56
2019-12-07,49.98
2019-12-08,49.77
2019-12-09,49.49
2019-12-10,48.95
2019-12-11,49.31
2019-12-12,48.49
2019-12-13,47.45
2019-12-14,47.25
2019-12-15,47.49
2019-12-16,46.01
2019-12-17,45.98
2019-12-18,45.0
2019-12-19,44.88
2019-12-20,42.86
2019-12-21,42.74
2019-12-22,41.9
2019-12-23,42.0
2019-12-24,41.68
2019-12-25,41.36
2019-12-26,40.76
2019-12-27,40.85
2019-12-28,40.93
2019-12-29,40.63
2019-12-30,40.76
2019-12-31,39.7
2020-01-01,38.95
2020-01-02,39.0
2020-01-03,38.95
2020-01-04,37.48
2020-01-05,36.61
2020-01-06,35.99
2020-01-07,35.08
2020-01-08,34.99
2020-01-09,34.99
2020-01-10,34.99
2020-01-11,34.93
2020-01-12,34.99
2020-01-13,34.99
2020-01-14,35.24
2020-01-15,35.15
2020-01-16,34.99
2020-01-17,35.12
2020-01-18,35.16
2020-01-19,35.18
2020-01-20,35.68
2020-01-21,35.17
2020-01-22,35.98
2020-01-23,35.99
2020-01-24,35.96
2020-01-25,35.24
2020-01-26,35.98
2020-01-27,35.98
2020-01-28,36.65
2020-01-29,37.02
2020-01-30,37.66
2020-01-31,37.09
2020-02-01,36.99
2020-02-02,37.89
2020-02-03,38.28
2020-02-04,36.87
